{
  "method": "platt",
  "a": -4.0697084646016615,
  "b": 2.035165172875588
}