{
  "method": "platt",
  "a": -4.332569506146477,
  "b": 2.1661453760395433
}